label,id,region_code,fea_2,fea_3,fea_4,fea_5,fea_6,fea_7,fea_8,fea_9,fea_10,fea_11
0,54982463,5,1272.5,3.0,70000.0,2,15,5,113,5,60033.0,167.1227094
0,54982530,5,1272.5,3.0,120000.0,1,15,5,110,5,72000.0,187.08286930000003
1,54982549,5,1326.5,3.0,30000.0,2,15,5,110,5,60005.0,1.0
0,54982579,5,1338.5,3.0,325000.0,2,15,5,110,5,60033.0,316.22776600000003
1,54982665,5,1245.5,3.0,77000.0,2,15,5,109,5,151300.0,244.94897430000003
0,54982697,5,1320.5,3.0,130000.0,2,15,5,85,5,60047.0,212.1320344
0,54982725,5,1332.5,3.0,325000.0,2,15,5,103,5,151009.0,200.0
0,54982727,5,1305.5,3.0,157000.0,2,15,9,111,5,71000.0,249.7999199
1,54982856,5,1361.0,3.0,30000.0,1,15,5,110,5,60033.0,264.5751311
0,54982859,5,1322.0,3.0,154000.0,2,15,5,110,5,72000.0,204.9390153
0,54982897,5,1257.5,3.0,102000.0,2,15,2,80,3,60005.0,223.6067977
0,54982913,5,1287.5,3.0,163000.0,2,15,5,90,5,72014.0,200.0
0,54982916,5,1352.0,3.0,88000.0,2,15,9,101,5,,198.1464105
0,54982998,5,1284.5,3.0,132000.0,2,15,9,109,5,151009.0,228.9847156
0,54983039,5,1233.5,3.0,82000.0,2,15,5,88,3,60014.0,1.0
0,54983046,5,1314.5,3.0,117000.0,2,15,5,109,5,60018.0,200.0
0,54983094,5,1334.0,3.0,102000.0,2,15,9,84,5,72000.0,200.0
1,54983144,5,1214.0,3.0,58000.0,2,15,5,112,4,72000.0,200.0
0,54983198,5,1230.5,3.0,78000.0,2,15,5,85,5,72000.0,232.3790008
0,54983229,5,1310.0,3.0,270000.0,2,15,5,115,4,60019.0,299.9533297
1,54983232,5,1230.5,3.0,72000.0,2,15,9,113,4,151304.0,173.20508080000002
0,54983307,5,1269.5,1.0,180000.0,1,15,5,90,3,151009.0,173.20508080000002
0,54983331,5,1241.0,3.0,30000.0,2,15,5,80,5,60006.0,1.0
0,54983342,5,1323.5,3.0,220000.0,2,15,5,78,5,60002.0,200.0
0,54983353,5,1224.5,3.0,56000.0,2,15,5,113,4,151307.0,1.0
0,54983466,5,1274.0,3.0,127000.0,2,15,9,113,4,72001.0,212.1320344
0,54983470,5,1238.0,3.0,104000.0,2,15,7,110,4,450075.0,243.0370342
0,54983601,5,1241.0,3.0,35000.0,2,15,5,104,5,151300.0,243.3536521
0,54983623,5,1353.5,3.0,143000.0,2,15,5,110,4,60007.0,1.0
0,54983694,5,1329.5,3.0,195000.0,2,15,5,64,5,60065.0,1.0
0,54983719,5,1251.5,3.0,106000.0,2,15,5,83,5,350012.0,223.6067977
0,54983721,5,1475.0,3.0,96000.0,2,15,9,110,5,72001.0,1.0
0,54983792,5,1212.5,3.0,125000.0,2,15,10,113,4,550005.0,187.08286930000003
1,54983809,5,1299.5,3.0,30000.0,2,15,5,100,5,350059.0,316.22776600000003
0,54983895,5,1223.0,3.0,59000.0,2,15,5,112,4,510101.0,200.0
0,54983915,5,1256.0,3.0,110000.0,2,15,9,107,5,60018.0,1.0
1,54984047,5,1274.0,3.0,76000.0,2,15,5,89,5,60000.0,173.4358671
0,54984058,5,1455.5,3.0,35000.0,2,15,5,92,5,60058.0,1.0
0,54984131,5,1244.0,3.0,57000.0,2,15,5,95,5,151300.0,173.20508080000002
1,54984134,5,1230.5,3.0,35000.0,2,15,5,112,5,60057.0,1.0
1,54984182,5,1281.5,3.0,144000.0,2,15,5,68,1,60057.0,1.0
0,54984201,5,1250.0,3.0,79000.0,2,15,5,110,4,72001.0,1.0
0,54984211,5,1311.5,3.0,134000.0,2,15,5,113,5,60015.0,1.0
0,54984214,5,1241.0,3.0,51000.0,2,15,5,88,5,151300.0,1.0
0,54984235,5,1365.5,3.0,-77000.0,2,15,5,109,4,60084.0,1.0
1,54984386,5,1245.5,3.0,81000.0,2,15,5,80,5,60004.0,1.0
0,54984388,5,1275.5,3.0,112000.0,2,15,5,85,5,340022.0,158.11388300000002
0,54984476,5,1259.0,3.0,80000.0,2,15,5,112,3,350000.0,223.6067977
0,54984524,5,1350.5,1.0,155000.0,2,15,8,104,5,60004.0,1.0
0,54984577,5,1311.5,1.0,91000.0,1,15,7,113,4,151306.0,1.0
0,54984606,5,1205.0,3.0,61000.0,2,15,5,76,5,60069.0,1.0
0,54984671,5,1301.0,1.0,-114000.0,2,15,5,106,3,,187.08286930000003
0,54984680,5,1170.5,3.0,100000.0,2,15,5,86,5,350092.0,200.0
0,54984727,5,1311.5,1.0,167000.0,2,15,5,85,5,60058.0,1.0
0,54984766,5,1283.0,3.0,90000.0,2,15,5,112,4,,189.7366596
0,54984774,5,1278.5,3.0,35000.0,2,15,5,80,5,60005.0,1.0
0,54984810,5,1241.0,3.0,60000.0,2,15,5,90,5,60000.0,200.0
0,54984830,5,1316.0,3.0,15000.0,2,15,5,114,4,510036.0,206.9130252
1,54984903,5,1371.5,3.0,83000.0,2,15,5,95,3,350704.0,165.6653253
0,54984987,5,1296.5,1.0,130000.0,2,15,5,110,3,361039.0,187.08286930000003
0,54985058,7,1266.5,3.0,227000.0,2,11,9,112,4,151300.0,254.9509757
1,54985084,7,1214.0,3.0,59000.0,2,11,9,86,5,60018.0,200.0
0,54985110,7,1206.5,3.0,66000.0,2,11,5,104,5,60000.0,173.20508080000002
0,54985173,7,1245.5,3.0,68000.0,2,11,5,111,4,60091.0,200.0
0,54985176,7,1328.0,3.0,71000.0,2,11,5,109,5,60004.0,444.4738462
0,54985177,7,1262.0,3.0,121000.0,2,11,5,106,5,151300.0,387.356425
0,54985180,7,1215.5,3.0,63000.0,1,11,5,100,5,71000.0,212.1320344
1,54985192,7,1230.5,3.0,72000.0,2,11,5,85,5,60069.0,1.0
0,54985197,7,1191.5,3.0,70000.0,2,11,9,107,5,,192.3538406
0,54985214,7,1349.0,1.0,193000.0,2,11,5,100,5,350063.0,316.22776600000003
0,54985215,7,1206.5,3.0,76000.0,2,11,5,108,4,72000.0,173.20508080000002
1,54985234,7,1214.0,3.0,66000.0,2,11,5,82,3,60019.0,200.0
0,54985241,7,1275.5,3.0,90000.0,2,11,5,110,4,450015.0,212.1320344
0,54985355,7,1341.5,3.0,183000.0,2,11,5,78,5,151300.0,246.6049472
0,54985378,7,1203.5,3.0,76000.0,2,11,5,78,5,60005.0,173.20508080000002
0,54985410,7,1304.0,3.0,290000.0,2,11,5,111,4,60000.0,310.3836336
0,54985473,7,1317.5,3.0,150000.0,2,11,5,112,5,450042.0,345.7947368
0,54985523,7,1223.0,3.0,97000.0,2,11,5,109,3,450003.0,187.08286930000003
0,54985621,7,1338.5,3.0,162000.0,2,11,5,108,5,151300.0,200.0
0,54985624,7,1332.5,3.0,98000.0,2,11,5,107,5,60033.0,262.12783140000005
1,54985654,7,1280.0,3.0,120000.0,2,11,5,115,5,151300.0,218.604666
1,54985730,7,1319.0,3.0,-149000.0,2,11,9,112,5,350096.0,243.9569634
0,54985748,7,1317.5,3.0,264000.0,2,11,5,83,5,72000.0,1.0
0,54985816,7,1320.5,3.0,108000.0,2,11,5,110,4,510068.0,248.997992
0,54985821,7,1277.0,3.0,243000.0,2,11,5,83,5,60087.0,1.0
1,54985832,7,1308.5,3.0,500000.0,2,11,9,85,5,60001.0,387.2983346
0,54985862,7,1292.0,3.0,163000.0,2,11,5,109,5,60016.0,187.08286930000003
1,54985924,7,1241.0,1.0,111000.0,2,11,5,90,5,350068.0,223.6067977
0,54985977,7,1346.0,1.0,112000.0,2,11,5,85,5,60064.0,200.0
0,54985988,7,1262.0,1.0,104000.0,2,11,8,107,4,60045.0,1.0
0,54986028,7,1290.5,3.0,116000.0,2,11,5,85,5,151300.0,223.6067977
0,54986034,7,1298.0,1.0,114000.0,2,11,5,103,3,60014.0,173.20508080000002
0,54986045,7,1284.5,3.0,132000.0,2,11,5,104,5,60015.0,1.0
0,54986055,7,1238.0,3.0,66000.0,2,11,5,79,3,450017.0,214.4761059
0,54986067,7,1271.0,3.0,137000.0,2,11,5,68,5,60008.0,233.2873764
1,54986075,7,1245.5,3.0,81000.0,2,11,5,103,5,60014.0,1.0
0,54986089,7,1241.0,3.0,63000.0,2,11,5,107,5,72000.0,1.0
1,54986146,7,1358.0,1.0,121000.0,2,11,5,112,4,151300.0,173.20508080000002
0,54986165,7,1308.5,1.0,110000.0,2,11,5,108,4,60004.0,1.0
0,54986167,7,1256.0,3.0,130000.0,1,11,9,105,5,60058.0,187.08286930000003
0,54986232,7,1272.5,3.0,138000.0,2,11,5,71,3,60023.0,1.0
0,54986274,7,1262.0,3.0,106000.0,2,11,9,109,4,450002.0,173.20508080000002
0,54986325,7,1247.0,3.0,110000.0,2,11,5,91,4,,1.0
1,54986429,7,1326.5,3.0,208000.0,2,11,5,105,4,510070.0,279.6640842
0,54986472,7,1250.0,3.0,82000.0,2,11,5,105,5,72000.0,1.0
0,54986508,7,1310.0,1.0,169000.0,2,11,5,109,4,60058.0,316.22776600000003
1,54986538,7,1223.0,3.0,55000.0,2,11,5,89,5,60069.0,1.0
1,54986544,7,1214.0,3.0,51000.0,2,11,9,111,5,72000.0,1.0
1,54986575,7,1272.5,3.0,50000.0,2,11,5,79,3,60011.0,1.0
0,54986687,7,1341.5,3.0,112000.0,2,11,8,83,5,60090.0,1.0
0,54986688,7,1319.0,3.0,177000.0,2,11,5,112,3,60042.0,1.0
0,54986705,7,1233.5,3.0,56000.0,2,11,5,80,5,60052.0,1.0
0,54986764,7,1304.0,1.0,111000.0,2,11,9,113,4,151300.0,1.0
0,54986797,7,1254.5,3.0,81000.0,2,11,5,110,5,60057.0,200.0
0,54986826,7,1370.0,1.0,142000.0,2,11,9,113,4,72014.0,1.0
0,54986897,7,1367.0,3.0,234000.0,2,11,5,113,5,591044.0,1.0
0,54986944,7,1266.5,1.0,109000.0,2,11,3,107,3,330021.0,1.0
1,54986948,7,1353.5,1.0,173000.0,2,11,5,65,5,350018.0,212.1320344
0,54986974,7,1275.5,3.0,122000.0,2,11,9,108,4,60018.0,1.0
0,54987017,7,1241.0,3.0,54000.0,1,11,5,99,5,72003.0,164.3167673
0,54987053,7,1245.5,3.0,58000.0,2,11,5,85,5,60024.0,1.0
0,54987083,7,1245.5,3.0,110000.0,2,11,5,100,4,71000.0,1.0
0,54987215,7,1296.5,3.0,136000.0,2,11,5,115,4,71002.0,220.2271555
0,54987227,7,1322.0,1.0,141000.0,2,11,5,84,3,60004.0,1.0
0,54987233,7,1371.5,3.0,121000.0,2,11,9,85,3,60004.0,1.0
0,54987316,7,1257.5,3.0,107000.0,2,11,5,113,4,450071.0,200.0
0,54987336,7,1308.5,3.0,194000.0,2,11,5,105,4,60051.0,223.6067977
0,54987381,7,1214.0,3.0,58000.0,2,11,5,112,3,450080.0,145.6021978
0,54987487,7,1304.0,3.0,135000.0,2,11,5,90,3,550109.0,282.8427125
1,54987545,7,1212.5,3.0,61000.0,2,11,5,112,4,450031.0,187.08286930000003
1,54987636,7,1214.0,3.0,59000.0,2,11,5,84,3,72001.0,223.6067977
0,54987651,7,1250.0,3.0,102000.0,2,11,5,100,3,60050.0,1.0
0,54987675,7,1257.5,3.0,126000.0,2,11,5,105,3,151300.0,1.0
0,54987682,7,1290.5,1.0,119000.0,2,11,9,114,4,591017.0,1.0
0,54987756,7,1257.5,3.0,144000.0,2,11,5,114,3,60028.0,1.0
0,54987763,7,1232.0,1.0,96000.0,2,11,9,88,5,151300.0,233.520877
0,54987789,7,1289.0,3.0,130000.0,2,11,9,84,3,60019.0,1.0
0,54987807,7,1227.5,3.0,64000.0,2,11,5,76,3,60005.0,212.1320344
0,54987829,7,1320.5,1.0,102000.0,2,11,5,110,3,151300.0,200.0
1,54987857,7,1323.5,1.0,152000.0,2,11,5,98,5,151008.0,1.0
0,54987865,7,1313.0,1.0,113000.0,2,11,5,107,5,60002.0,1.0
0,54987871,7,1226.0,3.0,64000.0,2,11,5,103,3,72000.0,1.0
1,54988011,7,1241.0,3.0,75000.0,2,11,5,110,4,450059.0,194.9358869
0,54988030,7,1278.5,3.0,131000.0,2,11,5,110,3,60001.0,1.0
1,54988051,7,1266.5,1.0,103000.0,2,11,5,89,5,60061.0,1.0
0,54988080,7,1253.0,3.0,72000.0,2,11,9,112,3,330008.0,165.9759019
1,54988107,7,1361.0,3.0,274000.0,2,11,5,100,3,151300.0,314.9666649
1,54988117,7,1346.0,1.0,148000.0,2,11,5,105,3,350000.0,244.94897430000003
0,54988158,7,1347.5,1.0,392000.0,2,11,4,114,4,60018.0,1.0
0,54988209,7,1305.5,3.0,93000.0,1,11,3,104,3,60032.0,200.0
0,54988214,7,1256.0,1.0,126000.0,2,11,9,102,3,350705.0,158.11388300000002
1,54988224,7,1235.0,3.0,101000.0,2,11,5,112,3,60013.0,1.0
0,54988244,7,1400.0,1.0,100000.0,2,11,5,94,5,60028.0,205.55534530000003
0,54988258,7,1320.5,1.0,119000.0,2,11,5,96,3,60043.0,212.1320344
0,54988259,7,1218.5,3.0,67000.0,1,11,5,114,4,,237.0442997
0,54988329,7,1215.5,3.0,67000.0,2,11,5,95,3,151306.0,134.95554819999998
0,54988373,7,1295.0,1.0,116000.0,2,11,9,108,4,151300.0,1.0
0,54988388,7,1335.5,1.0,71000.0,2,11,9,110,4,72000.0,168.0981856
0,54988391,7,1203.5,3.0,71000.0,2,11,5,110,3,151300.0,200.0
1,54988411,7,1242.5,3.0,56000.0,2,11,5,113,4,151300.0,1.0
0,54988422,7,1289.0,1.0,144000.0,2,11,5,100,3,71000.0,200.0
0,54988427,7,1236.5,1.0,150000.0,2,11,9,110,4,450000.0,212.1320344
1,54988512,7,1239.5,1.0,238000.0,2,11,5,110,4,60014.0,200.0
1,54988520,7,1227.5,3.0,90000.0,1,11,5,100,3,60040.0,158.11388300000002
1,54988522,7,1214.0,3.0,58000.0,2,11,5,110,4,151300.0,158.11388300000002
0,54988608,7,1214.0,3.0,60000.0,2,11,9,108,4,151300.0,158.11388300000002
0,54988624,7,1274.0,1.0,120000.0,2,11,5,84,5,151300.0,1.0
0,54988633,7,1253.0,1.0,50000.0,2,11,5,112,4,72049.0,184.3637708
0,54988645,7,1350.5,1.0,235000.0,2,11,5,113,3,350704.0,360.5551275
0,54988666,7,1262.0,1.0,94000.0,2,11,5,89,3,,187.08286930000003
0,54988718,7,1292.0,1.0,130000.0,2,11,5,108,3,60040.0,1.0
0,54988970,4,1250.0,3.0,115000.0,2,8,9,112,4,151300.0,255.4290508
0,54989030,4,1244.0,3.0,119000.0,2,8,9,100,3,60067.0,1.0
0,54989050,4,1163.0,3.0,42000.0,2,8,10,113,4,151300.0,1.0
0,54989065,4,1244.0,3.0,97000.0,2,8,5,99,5,60091.0,164.3167673
1,54989095,4,1230.5,3.0,79000.0,2,8,5,112,4,72015.0,173.20508080000002
0,54989125,4,1373.0,3.0,369000.0,2,8,7,108,5,330005.0,350.5923559
0,54989180,4,1241.0,3.0,68000.0,2,8,5,107,5,72000.0,173.20508080000002
0,54989251,4,1263.5,3.0,100000.0,2,8,5,64,5,60047.0,1.0
0,54989264,4,1343.0,3.0,110000.0,2,8,2,105,5,60043.0,1.0
0,54989286,4,1269.5,3.0,162000.0,2,8,9,81,5,60019.0,1.0
0,54989291,4,1322.0,3.0,146000.0,2,8,9,100,5,72000.0,1.0
0,54989304,4,1238.0,3.0,125000.0,2,8,9,85,5,60002.0,1.0
0,54989353,4,1260.5,3.0,143000.0,2,8,9,110,4,60016.0,202.4845673
0,54989455,4,1287.5,3.0,107000.0,2,8,9,114,4,,200.0
0,54989469,4,1190.0,3.0,128000.0,2,8,5,105,5,72000.0,1.0
0,54989484,4,1313.0,3.0,328000.0,2,8,5,90,5,151300.0,1.0
0,54989513,4,1304.0,1.0,257000.0,2,8,5,75,5,72000.0,212.1320344
0,54989545,4,1326.5,3.0,140000.0,2,8,5,100,5,60013.0,1.0
0,54989680,4,1214.0,3.0,118000.0,2,8,5,110,4,71000.0,223.6067977
0,54989781,4,1415.0,3.0,93000.0,2,8,5,113,4,151300.0,273.86127880000004
0,54989788,4,1277.0,1.0,162000.0,2,8,5,85,5,151304.0,212.1320344
0,54989871,4,1380.5,3.0,270000.0,2,8,5,64,5,60023.0,1.0
0,54989873,4,1241.0,3.0,105000.0,2,8,5,114,4,72000.0,243.8216561
0,54990031,4,1275.5,3.0,90000.0,1,8,5,103,5,72049.0,173.20508080000002
0,54990270,4,1308.5,3.0,144000.0,2,8,5,107,5,60016.0,1.0
0,54990272,4,1230.5,3.0,85000.0,2,8,5,86,5,72000.0,1.0
0,54990315,4,1235.0,3.0,84000.0,2,8,5,82,5,60044.0,1.0
0,54990339,4,1305.5,1.0,90000.0,2,8,5,93,5,60085.0,200.0
0,54990417,4,1239.5,3.0,65000.0,2,8,5,92,5,151300.0,200.0
0,54990474,4,1290.5,1.0,103000.0,2,8,9,112,4,60084.0,176.0681686
0,54990536,4,1241.0,3.0,35000.0,2,8,5,99,5,60084.0,158.11388300000002
0,54990550,4,1313.0,3.0,338000.0,2,8,5,90,5,60004.0,1.0
0,54990557,4,1298.0,1.0,124000.0,2,8,5,89,3,151009.0,200.0
1,54990604,4,1238.0,3.0,75000.0,2,8,5,104,4,72001.0,1.0
1,54990614,4,1389.5,1.0,186000.0,2,8,9,110,3,60014.0,1.0
1,54990680,4,1241.0,3.0,60000.0,2,8,5,115,5,60036.0,1.0
1,54991086,4,1289.0,1.0,143000.0,2,8,5,70,5,60091.0,1.0
0,54991090,4,1379.0,3.0,489000.0,2,8,9,99,5,72001.0,223.6067977
0,54991100,4,1292.0,3.0,195000.0,2,8,5,112,4,151300.0,1.0
1,54991219,4,1334.0,3.0,-35000.0,2,8,5,77,3,151000.0,1.0
0,54991294,4,1256.0,3.0,101000.0,2,8,9,110,5,60084.0,1.0
0,54991404,4,1278.5,1.0,201000.0,2,8,5,102,5,72000.0,1.0
0,54991470,4,1338.5,1.0,150000.0,2,8,5,110,5,60029.0,316.22776600000003
0,54991474,4,1256.0,1.0,129000.0,2,8,9,110,5,60042.0,1.0
0,54991497,4,1347.5,1.0,138000.0,2,8,5,102,5,60013.0,181.6590212
0,54991534,4,1338.5,3.0,133000.0,1,8,5,80,3,151009.0,187.08286930000003
0,54991585,4,1271.0,3.0,120000.0,2,8,5,89,3,60001.0,200.0
0,54991614,4,1266.5,3.0,101000.0,2,8,9,101,4,60084.0,1.0
0,54991685,4,1304.0,1.0,35000.0,2,8,5,105,3,340019.0,181.6590212
0,54991742,4,1245.5,3.0,50000.0,2,8,5,88,3,340017.0,300.0
1,54991896,4,1328.0,1.0,150000.0,2,8,5,107,3,332414.0,1.0
0,54992046,4,1257.5,1.0,91000.0,2,8,5,90,3,72000.0,1.0
0,54992094,4,1296.5,1.0,127000.0,2,8,5,107,3,60019.0,1.0
0,54992131,4,1214.0,3.0,68000.0,2,8,9,110,5,60091.0,1.0
0,54992154,4,1341.5,1.0,91000.0,1,8,5,100,4,151300.0,173.6605885
0,54992357,4,1257.5,3.0,81000.0,2,8,8,107,4,72001.0,1.0
0,54992408,4,1314.5,1.0,53000.0,2,8,5,103,5,151300.0,187.5393292
0,54992448,7,1350.5,1.0,137000.0,2,11,5,100,3,60048.0,178.8854382
0,54992451,7,1302.5,1.0,105000.0,2,11,5,95,3,60000.0,1.0
0,54992564,7,1350.5,3.0,130000.0,1,11,5,97,5,60016.0,173.20508080000002
0,58982397,1,1293.5,1.0,500000.0,2,4,9,105,5,650005.0,1.0
0,58982401,7,1322.0,3.0,133000.0,2,11,9,99,3,350609.0,209.8570942
0,58982423,2,1407.5,1.0,153000.0,2,3,9,112,5,151309.0,1.0
0,58982507,5,1449.5,3.0,90000.0,2,15,5,107,4,60091.0,158.11388300000002
0,58982563,5,1356.5,3.0,198000.0,2,15,5,90,5,71000.0,173.20508080000002
0,58982583,5,1278.5,3.0,143000.0,2,15,5,111,5,60017.0,1.0
0,58982587,5,1289.0,3.0,74000.0,1,15,5,109,5,60088.0,223.6067977
0,58982606,5,1377.5,3.0,96000.0,2,15,5,87,5,60044.0,207.3644135
0,58982668,5,1316.0,3.0,500000.0,2,15,5,104,5,72000.0,316.22776600000003
0,58982672,5,1239.5,3.0,58000.0,2,15,5,107,5,60017.0,1.0
1,58982721,5,1269.5,3.0,86000.0,2,15,9,89,5,60019.0,1.0
1,58982754,5,1322.0,3.0,195000.0,2,15,5,90,3,60033.0,240.8318916
1,58982776,5,1164.5,3.0,35000.0,2,15,5,67,5,60082.0,200.0
1,58982795,5,1292.0,3.0,119000.0,2,15,9,107,4,,187.08286930000003
0,58982803,5,1272.5,3.0,143000.0,2,15,5,114,4,72001.0,223.6067977
0,58982806,5,1307.0,3.0,91000.0,2,15,5,110,5,60023.0,200.0
1,58982857,5,1272.5,3.0,76000.0,2,15,5,104,5,60084.0,1.0
0,58982909,5,1251.5,3.0,113000.0,2,15,5,85,5,,212.0943186
1,58982978,5,1322.0,3.0,30000.0,2,15,5,91,5,60047.0,164.3167673
0,58983048,5,1341.5,3.0,66000.0,2,15,4,73,5,,181.6590212
0,58983073,5,1229.0,3.0,100000.0,2,15,5,102,5,60060.0,178.8854382
0,58983108,5,1415.0,3.0,169000.0,2,15,5,81,5,72000.0,237.1708245
0,58983160,5,1364.0,3.0,134000.0,2,15,5,83,5,72000.0,316.22776600000003
0,58983266,5,1209.5,3.0,35000.0,2,15,5,78,5,71000.0,227.015418
0,58983271,5,1116.5,3.0,214000.0,2,15,9,112,4,60019.0,200.0
0,58983272,5,1296.5,3.0,148000.0,2,15,5,100,4,60023.0,187.08286930000003
0,58983291,5,1304.0,3.0,390000.0,2,15,5,91,5,60050.0,1.0
1,58983297,5,1299.5,3.0,30000.0,2,15,5,95,5,71000.0,200.0
0,58983307,5,1214.0,3.0,56000.0,2,15,5,101,5,60064.0,192.1639925
0,58983409,5,1338.5,3.0,30000.0,2,15,5,110,4,71000.0,223.6067977
0,58983482,5,1367.0,3.0,127000.0,2,15,5,101,5,60054.0,223.6067977
0,58983605,5,1350.5,1.0,237000.0,2,15,8,86,3,60085.0,223.6067977
0,58983730,5,1443.5,3.0,155000.0,1,15,5,104,5,60000.0,254.9509757
0,58983813,5,1292.0,3.0,172000.0,2,15,8,113,5,350092.0,223.6067977
1,58983822,5,1308.5,3.0,30000.0,2,15,5,99,5,60062.0,1.0
0,58983850,5,1221.5,3.0,97000.0,2,15,9,109,4,72001.0,263.3097036
0,58983865,5,1388.0,3.0,75000.0,2,15,5,113,5,450027.0,222.2970985
0,58983893,5,1223.0,3.0,81000.0,2,15,9,112,4,60018.0,1.0
0,58983905,5,1257.5,3.0,91000.0,2,15,5,94,5,60043.0,200.0
1,58983909,5,1262.0,3.0,130000.0,2,15,5,100,5,151304.0,189.7366596
0,58984128,5,1404.5,1.0,150000.0,2,15,9,100,5,71002.0,316.22776600000003
0,58984182,5,1286.0,3.0,92000.0,1,15,5,81,3,60018.0,200.0
0,58984207,5,1305.5,3.0,91000.0,2,15,5,100,5,450003.0,173.4358671
1,58984255,5,1223.0,3.0,50000.0,2,15,5,89,3,151300.0,1.0
0,58984336,5,1245.5,3.0,100000.0,2,15,2,90,5,60028.0,204.9390153
0,58984371,5,1263.5,3.0,126000.0,2,15,5,113,4,72000.0,1.0
0,58984421,5,1290.5,3.0,86000.0,2,15,5,93,5,60033.0,1.0
0,58984428,5,1304.0,3.0,140000.0,2,15,5,80,3,151300.0,187.08286930000003
0,58984430,5,1316.0,3.0,147000.0,2,15,9,105,5,361029.0,173.20508080000002
0,58984516,5,1371.5,3.0,82000.0,2,15,5,115,5,151300.0,1.0
0,58984557,5,1323.5,3.0,218000.0,2,15,5,112,4,151300.0,282.8427125
0,58984589,5,1232.0,3.0,89000.0,2,15,9,112,4,,200.0
1,58984645,5,1244.0,3.0,30000.0,2,15,5,100,5,60014.0,223.6067977
0,58984646,5,1239.5,3.0,78000.0,2,15,5,112,4,450015.0,214.4761059
0,58984702,5,1310.0,3.0,325000.0,2,15,5,83,3,71000.0,1.0
0,58984708,5,1481.0,3.0,101000.0,2,15,5,100,5,,223.6067977
1,58984726,5,1347.5,3.0,150000.0,2,15,5,110,5,72000.0,538.5387637
0,58984737,5,1292.0,3.0,130000.0,2,15,2,111,4,71000.0,173.20508080000002
0,58984749,5,1205.0,3.0,94000.0,2,15,5,103,1,60000.0,1.0
0,58984757,5,1223.0,3.0,56000.0,2,15,5,112,4,151300.0,212.1320344
0,58984798,5,1299.5,3.0,273000.0,2,15,2,108,5,72000.0,200.0
0,58984889,5,1305.5,3.0,130000.0,2,15,5,100,5,,1.0
0,58984900,5,1191.5,3.0,53000.0,2,15,5,114,4,72000.0,187.08286930000003
0,58984960,5,1469.0,3.0,110000.0,2,15,5,82,5,350066.0,223.6067977
0,58984972,5,1269.5,3.0,124000.0,2,15,5,112,4,60033.0,204.9390153
0,58984992,5,1250.0,3.0,78000.0,2,15,5,82,5,350092.0,176.4256217
1,58985005,5,1316.0,3.0,48000.0,2,15,5,114,4,,297.5281499
1,58985008,5,1259.0,3.0,121000.0,2,15,5,91,5,60064.0,1.0
1,58985009,5,1367.0,3.0,-167000.0,2,15,5,95,5,60021.0,244.94897430000003
0,58985198,5,1307.0,3.0,166000.0,2,15,5,88,5,60065.0,235.0829641
0,58985236,5,1265.0,3.0,135000.0,2,15,5,100,5,151300.0,231.721816
0,58985356,5,1251.5,3.0,124000.0,2,15,9,112,4,60091.0,200.0
0,58985486,5,1298.0,3.0,149000.0,2,15,5,112,5,510069.0,222.5511177
1,58985495,5,1314.5,3.0,177000.0,2,15,5,105,5,60059.0,1.0
0,58985542,5,1272.5,3.0,108000.0,2,15,5,113,4,450015.0,200.0
0,58985548,5,1266.5,3.0,82000.0,2,15,9,114,1,60047.0,200.0
0,58985568,5,1364.0,3.0,142000.0,2,15,5,100,5,60044.0,1.0
0,58985578,5,1311.5,3.0,115000.0,2,15,9,88,5,60014.0,200.0
1,58985589,5,1224.5,3.0,45000.0,2,15,5,81,5,450062.0,173.1588866
0,58985599,5,1305.5,3.0,129000.0,2,15,5,95,3,60061.0,223.6067977
0,58985654,5,1214.0,3.0,114000.0,2,15,5,90,5,60091.0,1.0
0,58985684,5,1239.5,3.0,68000.0,2,15,5,100,5,60054.0,223.6067977
0,58985717,5,1211.0,3.0,97000.0,2,15,5,86,5,151300.0,1.0
1,58985795,5,1389.5,3.0,38000.0,2,15,5,109,5,450015.0,158.5370619
1,58985805,5,1241.0,3.0,46000.0,2,15,5,80,5,350092.0,175.1570724
0,58985806,5,1326.5,3.0,133000.0,2,15,5,110,5,71000.0,1.0
0,58985868,5,1218.5,3.0,-215000.0,2,15,5,82,5,60016.0,1.0
0,58985870,5,1257.5,3.0,95000.0,2,15,5,93,5,60036.0,1.0
0,58985909,5,1256.0,3.0,128000.0,2,15,5,114,4,510065.0,167.33200530000002
0,58986051,5,1305.5,3.0,72000.0,2,15,5,100,5,,1.0
0,58986063,7,1266.5,3.0,86000.0,2,11,5,87,3,151000.0,200.0
0,58986069,5,1322.0,3.0,195000.0,2,15,9,95,5,,200.0
0,58986146,5,1250.0,3.0,93000.0,2,15,7,111,5,350062.0,244.94897430000003
0,58986444,5,1319.0,3.0,15000.0,2,15,5,114,3,450069.0,158.11388300000002
0,58986566,5,1320.5,3.0,150000.0,2,15,9,108,5,361028.0,200.0
0,58986587,5,1241.0,3.0,54000.0,2,15,5,112,4,151300.0,1.0
0,58986657,5,1322.0,3.0,71000.0,2,15,5,114,4,510034.0,216.374675
0,58986716,5,1296.5,3.0,289000.0,2,15,5,95,5,,310.1612484
0,58986723,7,1322.0,3.0,195000.0,1,11,5,104,5,71000.0,173.20508080000002
1,58986727,5,1214.0,3.0,68000.0,2,15,5,92,3,550044.0,173.20508080000002
1,58986784,5,1242.5,3.0,75000.0,2,15,5,109,4,510020.0,173.20508080000002
1,58986802,5,1241.0,3.0,61000.0,2,15,2,109,4,552104.0,187.08286930000003
1,58986809,5,1305.5,3.0,35000.0,2,15,9,115,4,72000.0,1.0
0,58986950,5,1308.5,3.0,131000.0,1,15,5,110,5,72000.0,1.0
1,58986996,5,1250.0,3.0,50000.0,2,15,5,84,5,350702.0,200.0
0,58986997,5,1316.0,3.0,141000.0,2,15,5,99,4,550004.0,223.6067977
1,58987028,5,1206.5,3.0,49000.0,2,15,2,102,4,551201.0,158.11388300000002
0,58987035,5,1413.5,1.0,204000.0,2,15,9,107,5,350002.0,200.0
0,58987097,5,1248.5,3.0,98000.0,2,15,5,110,4,550003.0,178.8854382
0,58987142,5,1310.0,1.0,500000.0,2,15,5,103,5,452306.0,244.94897430000003
0,58987186,5,1230.5,3.0,61000.0,2,15,5,109,4,60020.0,173.20508080000002
0,58987210,5,1223.0,3.0,90000.0,2,15,5,101,3,450091.0,223.6067977
1,58987220,5,1259.0,3.0,94000.0,2,15,9,105,3,350063.0,200.0
0,58987349,5,1248.5,3.0,106000.0,2,15,5,85,3,151300.0,1.0
0,58987368,5,1220.0,3.0,64000.0,2,15,5,114,4,60033.0,187.08286930000003
0,58987402,5,1241.0,3.0,62000.0,2,15,9,95,4,60023.0,1.0
0,58987491,5,1241.0,3.0,84000.0,2,15,5,87,3,60074.0,1.0
0,58987511,5,1272.5,3.0,97000.0,2,15,8,105,5,72000.0,1.0
0,58987512,5,1302.5,3.0,211000.0,2,15,5,87,3,,1.0
0,58987530,5,1304.0,1.0,146000.0,2,15,5,90,3,350008.0,1.0
1,58987541,5,1268.0,3.0,91000.0,2,15,5,112,4,71008.0,1.0
1,58987715,5,1289.0,1.0,35000.0,2,15,5,76,5,60063.0,1.0
0,58987886,5,1269.5,1.0,175000.0,2,15,5,110,5,350057.0,173.20508080000002
0,58987900,5,1248.5,1.0,81000.0,2,15,9,79,3,450033.0,187.08286930000003
0,58987924,5,1236.5,1.0,104000.0,2,15,3,112,3,550016.0,200.0
0,58987931,5,1311.5,1.0,215000.0,2,15,5,110,3,350020.0,219.089023
1,58987961,5,1302.5,1.0,177000.0,2,15,9,80,3,371200.0,158.11388300000002
0,58987963,5,1236.5,1.0,52000.0,2,15,5,112,4,550009.0,172.61517890000002
0,58988021,5,1277.0,1.0,101000.0,2,15,5,111,4,60091.0,1.0
0,58988028,5,1287.5,1.0,126000.0,2,15,5,107,3,350071.0,316.22776600000003
0,58988044,5,1241.0,3.0,66000.0,2,15,9,115,3,350077.0,174.34448659999998
0,58988092,5,1269.5,1.0,114000.0,2,15,5,83,3,450058.0,141.4213562
0,58988129,5,1187.0,3.0,102000.0,2,15,5,113,4,450081.0,197.4841766
0,58988166,5,1361.0,1.0,101000.0,2,15,9,115,3,60052.0,187.08286930000003
0,58988196,5,1289.0,1.0,173000.0,2,15,5,112,3,350702.0,200.0
1,58988200,5,1308.5,3.0,39000.0,2,15,5,82,3,450018.0,159.9843742
0,58988212,5,1227.5,3.0,35000.0,2,15,4,105,5,510099.0,316.22776600000003
0,58988250,5,1242.5,3.0,30000.0,2,15,5,80,3,,200.0
0,58988263,5,1316.0,1.0,202000.0,2,15,5,105,5,,223.6067977
0,58988287,5,1307.0,1.0,39000.0,2,15,9,114,4,450016.0,160.44625269999997
0,58988505,7,1361.0,3.0,77000.0,1,11,5,103,5,72000.0,200.0
0,58988534,7,1223.0,3.0,63000.0,2,11,5,113,4,151300.0,1.0
0,58988646,7,1265.0,3.0,118000.0,2,11,5,106,5,450080.0,626.8971207000001
0,58988758,7,1419.5,3.0,61000.0,2,11,5,80,5,151300.0,200.4594722
0,58988822,7,1251.5,3.0,240000.0,2,11,5,85,3,151300.0,194.9358869
0,58988853,7,1290.5,3.0,116000.0,1,11,5,109,4,60062.0,196.4942747
0,58988855,7,1328.0,3.0,163000.0,2,11,9,79,5,60062.0,1.0
0,58988867,7,1170.5,3.0,71000.0,2,11,5,111,4,151307.0,200.0
0,58988871,7,1259.0,3.0,147000.0,2,11,9,110,5,,421.0700654
0,58988886,7,1235.0,3.0,68000.0,2,11,5,110,5,450017.0,187.08286930000003
0,58988923,7,1223.0,3.0,68000.0,1,11,5,84,5,60014.0,158.11388300000002
0,58988933,7,1277.0,3.0,50000.0,2,11,5,103,5,151301.0,198.0050504
0,58988956,7,1148.0,3.0,106000.0,2,11,5,94,5,450071.0,212.1320344
0,58989033,7,1335.5,3.0,126000.0,2,11,5,83,5,60051.0,1.0
0,58989048,7,1298.0,3.0,182000.0,2,11,5,100,5,60001.0,244.94897430000003
1,58989056,7,1290.5,3.0,113000.0,2,11,5,109,5,60091.0,204.9390153
1,58989082,7,1299.5,3.0,64000.0,2,11,5,110,4,510090.0,178.24140930000002
0,58989132,7,1319.0,3.0,88000.0,2,11,5,114,4,151300.0,228.4513077
0,58989150,7,1328.0,3.0,182000.0,2,11,5,98,5,72001.0,173.20508080000002
0,58989171,7,1289.0,3.0,305000.0,1,11,5,110,5,,236.6431913
0,58989220,7,1223.0,3.0,73000.0,2,11,9,111,4,350092.0,200.0
1,58989236,7,1268.0,3.0,90000.0,2,11,5,86,5,,1.0
1,58989269,5,1391.0,3.0,112000.0,2,15,5,112,4,71002.0,192.608411
0,58989278,7,1278.5,3.0,114000.0,2,11,9,112,1,60010.0,200.0
0,58989284,7,1248.5,3.0,146000.0,2,11,10,105,5,350704.0,339.9441131
0,58989298,7,1364.0,3.0,106000.0,2,11,5,86,3,510003.0,187.08286930000003
0,58989327,7,1223.0,3.0,81000.0,2,11,5,114,4,151300.0,194.9358869
0,58989333,7,1305.5,3.0,111000.0,2,11,9,113,4,72015.0,212.1320344
1,58989341,7,1241.0,3.0,56000.0,1,11,5,103,4,151300.0,158.11388300000002
0,58989402,7,1325.0,1.0,195000.0,2,11,5,109,5,350703.0,221.3594362
0,58989409,7,1232.0,3.0,100000.0,2,11,5,111,4,72000.0,204.9390153
0,58989550,7,1283.0,3.0,67000.0,2,11,5,114,4,60026.0,200.0
0,58989576,7,1272.5,3.0,119000.0,2,11,5,82,5,60068.0,202.4845673
1,58989594,7,1317.5,3.0,127000.0,2,11,9,88,5,71000.0,200.0
0,58989600,7,1293.5,3.0,149000.0,2,11,9,84,5,151300.0,202.4845673
1,58989705,7,1311.5,3.0,105000.0,2,11,9,88,5,60043.0,187.08286930000003
0,58989720,7,1280.0,3.0,156000.0,1,11,5,96,5,72000.0,187.08286930000003
1,58989746,7,1334.0,3.0,86000.0,2,11,5,113,5,510065.0,168.5140944
1,58989748,7,1200.5,3.0,110000.0,2,11,5,113,4,60034.0,249.69981980000003
0,58989779,7,1350.5,3.0,176000.0,2,11,9,102,3,151004.0,1.0
0,58989819,7,1299.5,3.0,500000.0,2,11,5,112,4,72000.0,1.0
0,58990002,7,1277.0,3.0,101000.0,2,11,9,106,4,450050.0,200.0699878
0,58990030,7,1326.5,3.0,96000.0,2,11,5,113,4,591001.0,1.0
1,58990136,7,1250.0,3.0,94000.0,2,11,5,113,4,71000.0,187.08286930000003
0,58990154,7,1262.0,3.0,100000.0,2,11,5,113,4,450071.0,210.9573417
0,58990200,7,1268.0,3.0,101000.0,2,11,4,108,5,450032.0,200.0
0,58990236,7,1335.5,3.0,546000.0,2,11,3,80,5,330008.0,1.0
0,58990273,7,1362.5,3.0,83000.0,2,11,9,100,4,151300.0,174.2067737
0,58990289,7,1335.5,3.0,185000.0,2,11,5,100,5,351106.0,212.1320344
0,58990308,7,1307.0,3.0,195000.0,2,11,9,95,5,72003.0,200.0
0,58990417,7,1283.0,3.0,146000.0,2,11,5,110,4,151300.0,241.5491668
1,58990469,7,1239.5,3.0,73000.0,2,11,5,87,3,60090.0,223.6067977
0,58990626,7,1227.5,3.0,250000.0,2,11,9,100,5,60054.0,187.08286930000003
0,58990628,7,1335.5,3.0,150000.0,2,11,9,105,5,350050.0,412.3105626
0,58990663,7,1314.5,3.0,150000.0,2,11,10,113,4,60023.0,187.08286930000003
0,58990724,7,1278.5,3.0,71000.0,2,11,1,111,3,60019.0,316.22776600000003
0,58990727,7,1469.0,3.0,103000.0,2,11,5,71,5,60092.0,1.0
1,58990737,7,1242.5,3.0,71000.0,1,11,5,108,5,60005.0,173.20508080000002
0,58990756,7,1329.5,3.0,114000.0,2,11,5,76,5,60040.0,200.0
0,58990758,7,1284.5,3.0,106000.0,2,11,9,104,4,60036.0,1.0
0,58990836,7,1244.0,3.0,130000.0,2,11,5,98,5,450054.0,282.8427125
0,58990850,7,1266.5,3.0,110000.0,1,11,5,99,5,151300.0,173.20508080000002
0,58990897,7,1310.0,3.0,128000.0,2,11,9,105,5,60052.0,223.6067977
1,58990902,7,1215.5,3.0,58000.0,2,11,5,96,5,60033.0,158.11388300000002
1,58990934,7,1262.0,3.0,151000.0,2,11,5,114,4,510102.0,251.968252
0,58990951,7,1379.0,3.0,144000.0,2,11,5,113,4,151008.0,200.0
0,58990986,7,1334.0,3.0,108000.0,2,11,5,90,3,60092.0,223.6067977
0,58991066,7,1220.0,3.0,77000.0,2,11,5,94,5,72001.0,1.0
0,58991182,7,1244.0,3.0,84000.0,2,11,5,108,4,72000.0,1.0
0,58991194,7,1247.0,3.0,71000.0,1,11,9,95,4,60026.0,200.7560709
0,58991241,7,1277.0,1.0,150000.0,2,11,5,95,5,60015.0,1.0
0,58991249,7,1296.5,3.0,138000.0,1,11,5,100,5,60027.0,158.11388300000002
0,58991302,7,1290.5,1.0,108000.0,1,11,5,95,5,60064.0,1.0
0,58991324,7,1245.5,3.0,58000.0,2,11,5,101,5,60058.0,200.0
0,58991343,7,1358.0,3.0,500000.0,2,11,2,112,5,510000.0,316.22776600000003
0,58991389,7,1365.5,3.0,84000.0,2,11,5,100,3,60023.0,1.0
0,58991395,7,1299.5,1.0,87000.0,2,11,5,85,5,151300.0,1.0
1,58991594,7,1365.5,3.0,152000.0,1,11,5,84,5,60006.0,173.20508080000002
0,58991607,7,1290.5,3.0,119000.0,2,11,9,85,3,151300.0,200.0
1,58991614,7,1230.5,3.0,64000.0,2,11,3,82,5,60058.0,200.0
0,58991638,7,1259.0,3.0,86000.0,2,11,5,88,5,72000.0,223.6067977
0,58991640,7,1310.0,1.0,140000.0,2,11,5,90,5,60002.0,200.0
0,58991651,7,1268.0,3.0,107000.0,2,11,4,105,5,60091.0,1.0
0,58991722,7,1308.5,3.0,143000.0,2,11,5,100,3,151009.0,173.20508080000002
0,58991751,7,1308.5,3.0,123000.0,2,11,5,100,4,60014.0,200.0
0,58991753,7,1287.5,1.0,119000.0,2,11,5,85,5,60031.0,187.08286930000003
0,58991759,7,1251.5,3.0,103000.0,2,11,9,108,4,60095.0,234.520788
1,58991789,7,1304.0,3.0,63000.0,2,11,5,110,4,60095.0,223.6067977
0,58991820,7,1274.0,3.0,183000.0,2,11,9,77,3,510084.0,692.820323
0,58991841,7,1286.0,3.0,260000.0,2,11,5,109,3,151300.0,1.0
0,58991914,7,1377.5,3.0,500000.0,2,11,2,89,5,350052.0,387.2983346
0,58991921,7,1301.0,1.0,75000.0,2,11,7,112,4,72000.0,1.0
0,58991938,7,1289.0,1.0,97000.0,2,11,9,110,3,72008.0,200.0
1,58992006,7,1272.5,3.0,50000.0,2,11,7,115,4,60007.0,1.0
0,58992009,7,1290.5,3.0,273000.0,2,11,9,113,3,60063.0,223.6067977
0,58992082,7,1296.5,1.0,76000.0,2,11,10,113,4,72001.0,1.0
1,58992108,7,1241.0,3.0,56000.0,2,11,9,108,1,60013.0,158.11388300000002
0,58992325,7,1263.5,3.0,148000.0,2,11,5,90,5,60017.0,1.0
0,58992344,7,1296.5,3.0,80000.0,2,11,5,112,3,60069.0,1.0
1,58992419,7,1382.0,3.0,115000.0,2,11,5,100,5,,1.0
0,58992457,7,1284.5,3.0,144000.0,2,11,4,96,3,71002.0,1.0
0,58992481,7,1259.0,3.0,74000.0,2,11,5,95,5,,207.3185954
0,58992510,7,1271.0,3.0,85000.0,1,11,9,100,4,60052.0,158.11388300000002
0,58992588,7,1287.5,3.0,144000.0,2,11,5,114,4,72000.0,221.3594362
0,58992602,7,1368.5,3.0,390000.0,2,11,5,101,5,60024.0,173.20508080000002
0,58992711,7,1305.5,3.0,84000.0,2,11,5,112,4,151306.0,173.20508080000002
0,58993040,7,1235.0,3.0,89000.0,2,11,5,115,5,60065.0,1.0
0,58993064,7,1320.5,1.0,145000.0,2,11,5,100,5,330012.0,1.0
0,58993081,7,1215.5,3.0,35000.0,2,11,9,113,4,60038.0,1.0
1,58993137,7,1205.0,3.0,63000.0,2,11,5,106,3,151300.0,1.0
0,58993153,7,1227.5,3.0,68000.0,2,11,5,114,3,345009.0,192.3538406
1,58993173,7,1241.0,3.0,78000.0,1,11,5,105,5,60074.0,1.0
0,58993180,7,1286.0,1.0,110000.0,2,11,5,112,5,60033.0,1.0
0,58993212,7,1323.5,1.0,117000.0,2,11,9,112,4,550001.0,230.2172887
1,58993220,7,1344.5,3.0,137000.0,2,11,5,101,5,72000.0,1.0
1,58993369,7,1308.5,1.0,134000.0,2,11,5,95,5,151009.0,1.0
1,58993373,7,1299.5,1.0,135000.0,2,11,5,87,3,350705.0,187.08286930000003
0,58993402,7,1419.5,1.0,89000.0,2,11,5,110,3,350060.0,337.106808
0,58993422,7,1281.5,3.0,84000.0,2,11,5,113,4,60091.0,158.11388300000002
0,58993467,7,1257.5,3.0,95000.0,1,11,4,111,4,450015.0,244.94897430000003
0,58993548,7,1230.5,3.0,114000.0,2,11,5,112,4,72000.0,254.9509757
1,58993621,7,1272.5,3.0,80000.0,2,11,9,86,4,60043.0,1.0
0,58993672,7,1415.0,3.0,155000.0,2,11,5,107,3,60005.0,212.1320344
0,58993710,7,1304.0,1.0,130000.0,2,11,5,111,4,450046.0,223.6067977
0,58993739,7,1307.0,1.0,80000.0,2,11,5,95,5,60026.0,1.0
0,58993744,7,1370.0,3.0,394000.0,2,11,5,112,5,510009.0,445.0382006
0,58993764,7,1277.0,3.0,98000.0,2,11,5,92,5,60036.0,1.0
0,58993789,7,1238.0,3.0,59000.0,2,11,9,112,5,60000.0,1.0
0,58993796,7,1397.0,1.0,131000.0,2,11,5,95,5,60001.0,1.0
1,58993847,7,1262.0,3.0,172000.0,2,11,9,112,4,72000.0,262.11066370000003
0,58993948,7,1241.0,3.0,63000.0,2,11,5,112,4,60057.0,1.0
1,58993990,7,1263.5,3.0,53000.0,2,11,5,111,5,60095.0,1.0
0,58993992,7,1266.5,3.0,89000.0,2,11,5,89,3,60091.0,1.0
0,58994035,7,1302.5,1.0,110000.0,2,11,5,108,4,151002.0,1.0
0,58994048,7,1239.5,3.0,99000.0,2,11,5,110,4,60027.0,1.0
1,58994089,7,1239.5,3.0,79000.0,2,11,8,111,5,71003.0,1.0
0,58994114,7,1376.0,3.0,142000.0,1,11,5,99,3,151300.0,223.6067977
0,58994117,7,1323.5,1.0,122000.0,2,11,5,86,3,151300.0,1.0
1,58994121,7,1241.0,3.0,65000.0,2,11,9,110,3,151011.0,1.0
0,58994149,7,1266.5,3.0,120000.0,1,11,9,110,3,60029.0,316.22776600000003
0,58994215,7,1352.0,1.0,142000.0,2,11,9,111,4,60036.0,1.0
0,58994284,7,1214.0,3.0,81000.0,2,11,9,114,4,450012.0,204.9390153
1,58994301,7,1254.5,3.0,100000.0,2,11,5,84,5,151300.0,158.11388300000002
0,58994324,7,1266.5,3.0,130000.0,2,11,9,100,5,60005.0,173.20508080000002
1,58994340,7,1281.5,1.0,75000.0,2,11,5,87,5,72049.0,1.0
0,58994346,7,1298.0,1.0,100000.0,2,11,9,112,4,552104.0,178.8854382
0,58994376,7,1443.5,3.0,162000.0,2,11,9,110,5,72014.0,328.16002189999995
0,58994395,7,1281.5,3.0,99000.0,2,11,9,114,5,60052.0,1.0
1,58994429,7,1295.0,3.0,73000.0,2,11,5,100,5,350076.0,223.6067977
0,58994468,7,1283.0,3.0,100000.0,2,11,5,95,3,332444.0,1.0
0,58994510,7,1244.0,3.0,59000.0,2,11,5,79,3,60040.0,173.20508080000002
0,58994607,7,1377.5,3.0,78000.0,1,11,5,100,3,60017.0,173.20508080000002
0,58994630,7,1226.0,3.0,61000.0,2,11,9,105,3,151300.0,1.0
0,58994712,7,1287.5,1.0,135000.0,2,11,5,109,4,72000.0,1.0
1,58994744,7,1332.5,1.0,141000.0,2,11,5,109,5,72412.0,1.0
1,58994767,7,1377.5,1.0,55000.0,2,11,5,114,3,151009.0,212.1320344
0,58994773,7,1257.5,3.0,80000.0,2,11,5,103,5,60047.0,1.0
0,58994781,7,1287.5,3.0,133000.0,2,11,5,91,3,151300.0,1.0
0,58994911,7,1250.0,3.0,60000.0,2,11,5,114,4,72001.0,707.1067812000001
0,58994986,7,1298.0,1.0,128000.0,2,11,5,92,5,151300.0,173.20508080000002
0,58995052,7,1314.5,1.0,97000.0,2,11,9,90,3,60005.0,221.3594362
0,58995080,7,1235.0,1.0,75000.0,2,11,5,91,5,350092.0,200.0
0,58995117,7,1268.0,3.0,111000.0,2,11,5,100,3,151010.0,200.0
1,58995168,7,1335.5,1.0,151000.0,2,11,5,110,3,60084.0,1.0
0,58995283,7,1229.0,1.0,170000.0,1,11,5,91,3,550115.0,244.94897430000003
1,58995303,7,1304.0,1.0,113000.0,2,11,9,112,4,350078.0,264.5751311
0,58995381,7,1220.0,3.0,76000.0,2,11,2,90,5,71002.0,1.0
1,58995389,7,1289.0,1.0,107000.0,2,11,5,102,3,151300.0,1.0
1,58995407,7,1316.0,1.0,64000.0,2,11,9,87,5,60079.0,1.0
1,58995436,7,1256.0,3.0,96000.0,2,11,5,102,3,72000.0,200.0
0,58995451,7,1248.5,3.0,60000.0,2,11,5,90,3,60074.0,1.0
0,58995478,7,1301.0,1.0,77000.0,2,11,5,95,3,450000.0,173.20508080000002
0,58995487,7,1239.5,1.0,108000.0,2,11,5,110,4,60004.0,200.0
0,58995532,7,1304.0,3.0,129000.0,2,11,5,103,3,151300.0,161.245155
0,58995594,7,1254.5,3.0,97000.0,2,11,5,83,3,,282.8427125
0,58995726,7,1290.5,1.0,161000.0,2,11,5,109,3,151300.0,1.0
0,58995727,7,1214.0,3.0,58000.0,2,11,5,112,4,71006.0,1.0
0,58995787,7,1289.0,3.0,68000.0,1,11,5,86,3,60016.0,173.20508080000002
0,58995803,7,1266.5,3.0,74000.0,2,11,5,105,4,60054.0,1.0
0,58995813,7,1230.5,3.0,57000.0,2,11,9,108,4,450015.0,170.29386369999995
1,58995877,7,1277.0,3.0,132000.0,2,11,9,80,5,60016.0,1.0
0,58995904,7,1230.5,1.0,129000.0,2,11,5,88,3,60043.0,1.0
1,58995950,7,1218.5,1.0,101000.0,2,11,3,101,3,350100.0,273.86127880000004
0,58996010,7,1275.5,3.0,136000.0,2,11,5,113,4,151304.0,1.0
0,58996064,7,1230.5,3.0,69000.0,1,11,9,72,5,,187.08286930000003
0,58996069,7,1233.5,3.0,62000.0,2,11,3,88,3,450194.0,244.94897430000003
0,58996120,7,1211.0,3.0,66000.0,2,11,5,101,4,60015.0,1.0
0,58996127,7,1266.5,1.0,165000.0,2,11,5,111,3,60084.0,1.0
1,58996172,7,1293.5,1.0,87000.0,2,11,5,113,3,450080.0,170.2468796
0,58996247,7,1259.0,1.0,336000.0,2,11,9,112,4,60036.0,1.0
0,58996294,7,1239.5,1.0,110000.0,2,11,5,80,3,60064.0,1.0
0,58996494,7,1304.0,1.0,98000.0,2,11,5,113,4,151300.0,180.2775638
0,58996500,7,1328.0,1.0,189000.0,2,11,9,85,5,60019.0,1.0
0,58996507,7,1214.0,3.0,58000.0,2,11,9,103,4,60091.0,1.0
0,58996551,7,1308.5,1.0,442000.0,2,11,9,106,4,151011.0,1.0
1,58996558,7,1355.0,1.0,160000.0,2,11,5,84,3,151304.0,173.20508080000002
0,58996590,7,1287.5,1.0,152000.0,2,11,5,108,5,151300.0,1.0
0,58996591,7,1320.5,1.0,123000.0,2,11,5,113,4,,1.0
0,58996619,7,1322.0,1.0,115000.0,2,11,5,84,3,60052.0,1.0
0,58996654,7,1340.0,1.0,80000.0,2,11,5,110,4,71002.0,162.4869226
0,58996671,7,1283.0,3.0,90000.0,2,11,5,85,5,60000.0,1.0
0,58996773,7,1214.0,3.0,74000.0,2,11,5,110,4,60058.0,204.9390153
0,58996802,7,1292.0,1.0,132000.0,2,11,5,64,3,60018.0,187.08286930000003
0,58996823,7,1272.5,1.0,66000.0,2,11,5,105,5,60014.0,194.0850329
1,58996840,7,1241.0,3.0,55000.0,2,11,9,113,4,151300.0,212.1320344
0,58996882,7,1233.5,3.0,59000.0,2,11,5,91,3,450052.0,387.2983346
0,58997104,7,1241.0,1.0,74000.0,2,11,5,105,3,72000.0,1.0
0,58997216,7,1340.0,1.0,296000.0,2,11,5,110,5,72000.0,1.0
0,58997265,4,1386.5,3.0,296000.0,2,9,5,109,5,151300.0,223.6067977
0,58997354,4,1328.0,3.0,148000.0,2,8,2,110,5,60064.0,1.0
1,58997551,4,1305.5,3.0,130000.0,2,8,5,112,5,361047.0,1.0
0,58997555,4,1266.5,3.0,207000.0,2,9,5,100,1,71002.0,316.22776600000003
0,58997686,4,1250.0,1.0,87000.0,2,8,5,105,5,60069.0,212.1320344
0,58997719,4,1223.0,3.0,63000.0,2,8,5,91,5,60095.0,228.035085
1,58997724,4,1313.0,3.0,134000.0,2,8,5,104,3,60054.0,244.94897430000003
0,58997788,4,1304.0,3.0,60000.0,2,8,2,95,5,60058.0,223.6067977
0,58997872,4,1305.5,3.0,91000.0,2,8,2,95,5,60091.0,1.0
0,58997876,4,1364.0,3.0,194000.0,2,8,5,110,5,,223.6067977
0,58997888,4,1352.0,3.0,175000.0,2,8,9,105,5,60004.0,219.089023
0,58997904,4,1277.0,3.0,135000.0,2,8,5,84,5,60091.0,1.0
1,58997951,4,1230.5,3.0,125000.0,2,8,9,109,5,71002.0,316.22776600000003
0,58997994,4,1349.0,3.0,139000.0,2,8,5,109,5,151304.0,212.1320344
0,58998029,4,1244.0,3.0,107000.0,2,8,5,112,5,60017.0,3.16227766
0,58998054,4,1250.0,3.0,137000.0,2,8,5,90,5,72000.0,1.0
0,58998105,4,1287.5,3.0,206000.0,2,8,9,102,3,72000.0,202.4845673
0,58998147,4,1296.5,3.0,94000.0,2,8,9,114,4,60058.0,1.0
0,58998166,4,1355.0,3.0,177000.0,2,8,5,87,5,151101.0,1.0
0,58998223,4,1241.0,3.0,50000.0,2,8,9,105,3,72000.0,255.4838547
0,58998256,4,1280.0,3.0,89000.0,2,8,5,85,3,151300.0,189.7366596
1,58998275,4,1239.5,3.0,30000.0,2,8,5,100,5,350017.0,223.6067977
0,58998351,4,1328.0,3.0,488000.0,2,8,9,114,4,60057.0,632.4555320000001
0,58998405,4,1214.0,3.0,81000.0,2,8,5,111,1,60043.0,202.4845673
0,58998566,4,1281.5,3.0,304000.0,2,8,5,84,3,60024.0,1.0
0,58998578,4,1191.5,3.0,50000.0,2,8,5,106,5,60090.0,1.0
0,58998583,4,1310.0,3.0,129000.0,1,8,5,100,5,151300.0,181.6590212
0,58998624,4,1304.0,3.0,129000.0,2,8,5,111,4,60001.0,223.6067977
0,58998637,4,1287.5,3.0,113000.0,2,8,5,110,4,151300.0,1.0
1,58998661,4,1211.0,3.0,71000.0,2,8,5,101,5,60073.0,264.5751311
0,58998715,4,1376.0,3.0,77000.0,2,8,9,113,5,151300.0,225.8362238
0,58998781,4,1382.0,3.0,76000.0,2,8,5,100,5,60018.0,173.20508080000002
0,58998809,4,1278.5,3.0,186000.0,2,8,5,100,5,72000.0,173.20508080000002
0,58998833,4,1316.0,3.0,107000.0,2,8,5,112,4,60006.0,173.20508080000002
1,58998866,4,1287.5,3.0,126000.0,1,8,5,99,5,151000.0,173.20508080000002
0,58998876,4,1245.5,3.0,87000.0,2,8,5,112,5,60033.0,222.1328431
1,58998919,4,1253.0,3.0,84000.0,2,8,5,107,4,72001.0,173.20508080000002
0,58998938,4,1397.0,3.0,191000.0,2,8,9,114,4,72000.0,300.4080558
0,58998988,4,1239.5,3.0,103000.0,2,8,5,103,5,60036.0,244.94897430000003
0,58998989,4,1214.0,3.0,51000.0,2,8,5,104,5,151300.0,173.20508080000002
0,58999012,4,1166.0,3.0,176000.0,2,8,5,87,5,60094.0,1.0
0,58999019,4,1322.0,3.0,199000.0,2,8,5,111,4,72000.0,1.0
0,58999145,4,1262.0,3.0,185000.0,2,8,5,105,5,151300.0,173.20508080000002
1,58999186,4,1274.0,3.0,388000.0,2,8,9,111,5,72000.0,1.0
0,58999208,4,1331.0,3.0,341000.0,2,8,9,114,5,72001.0,345.7383404
0,58999263,4,1317.5,3.0,81000.0,2,8,5,90,5,60038.0,1.0
0,58999555,4,1283.0,3.0,94000.0,2,8,9,64,5,60017.0,1.0
0,58999612,4,1220.0,3.0,140000.0,2,8,5,109,4,72010.0,1.0
0,58999633,4,1296.5,3.0,250000.0,2,8,5,105,3,60033.0,200.0
0,58999668,4,1290.5,3.0,130000.0,2,8,9,114,4,60053.0,1.0
0,58999697,4,1290.5,3.0,140000.0,2,8,9,101,5,60063.0,1.0
0,58999709,4,1314.5,3.0,176000.0,2,8,9,114,4,72049.0,241.8470591
0,58999718,4,1308.5,3.0,312000.0,2,8,8,89,5,60014.0,1.0
1,58999754,4,1310.0,3.0,88000.0,2,8,5,100,5,60005.0,1.0
0,58999868,4,1275.5,3.0,136000.0,2,8,5,113,4,60000.0,1.0
0,58999931,4,1338.5,3.0,165000.0,2,8,5,111,5,151300.0,288.09720580000004
0,58999934,4,1293.5,1.0,114000.0,2,8,5,111,4,72001.0,1.0
0,58999945,4,1194.5,3.0,63000.0,2,8,9,105,4,72001.0,223.6067977
0,58999963,4,1229.0,3.0,62000.0,2,8,5,84,5,60019.0,1.0
0,58999966,4,1271.0,3.0,118000.0,1,8,5,80,5,60017.0,282.8427125
0,58999985,7,1281.5,3.0,98000.0,2,11,9,114,4,60019.0,1.0
1,59000077,4,1305.5,3.0,128000.0,2,8,5,114,4,72000.0,291.1889421
1,59000101,4,1223.0,3.0,50000.0,2,8,5,110,4,72000.0,173.20508080000002
0,59000105,4,1293.5,3.0,35000.0,2,8,5,105,5,350071.0,200.0
0,59000129,4,1356.5,3.0,143000.0,2,8,5,107,5,60054.0,158.11388300000002
0,59000209,4,1317.5,1.0,183000.0,2,8,5,90,5,60019.0,273.86127880000004
0,59000211,4,1313.0,1.0,135000.0,2,8,5,75,5,60064.0,1.0
0,59000231,4,1425.5,3.0,146000.0,2,8,5,113,5,60062.0,1.0
0,59000307,4,1337.0,3.0,410000.0,2,8,5,83,5,60091.0,1.0
0,59000320,4,1214.0,3.0,62000.0,2,8,9,114,4,151300.0,1.0
0,59000340,4,1313.0,3.0,98000.0,1,8,9,103,5,151300.0,173.20508080000002
0,59000414,4,1356.5,1.0,220000.0,2,8,5,107,4,151011.0,1.0
0,59000497,4,1257.5,3.0,88000.0,2,8,5,101,3,60018.0,200.0
0,59000498,4,1352.0,1.0,128000.0,2,8,5,72,3,,1.0
0,59000502,4,1323.5,1.0,127000.0,2,8,5,109,4,60077.0,223.6067977
0,59000510,4,1338.5,1.0,107000.0,2,8,9,82,5,151300.0,1.0
0,59000580,4,1244.0,3.0,116000.0,2,8,5,111,4,60002.0,1.0
0,59000764,4,1269.5,3.0,107000.0,1,8,9,81,3,60040.0,173.20508080000002
1,59000783,4,1305.5,3.0,59000.0,2,8,5,113,4,72004.0,1.0
0,59000822,4,1275.5,3.0,284000.0,2,8,5,107,5,60000.0,1.0
1,59000842,4,1214.0,3.0,50000.0,2,8,5,114,4,60043.0,173.20508080000002
0,59000851,4,1302.5,3.0,410000.0,2,8,9,84,5,60018.0,1.0
0,59000853,4,1305.5,1.0,118000.0,2,8,9,112,4,151300.0,223.6067977
0,59000887,4,1227.5,3.0,50000.0,2,8,5,100,3,60027.0,173.20508080000002
0,59000942,4,1268.0,3.0,149000.0,2,8,5,106,3,,173.20508080000002
0,59001107,4,1272.5,3.0,180000.0,2,8,5,110,4,60091.0,1.0
0,59001124,4,1239.5,3.0,85000.0,2,8,5,66,5,72000.0,1.0
0,59001175,4,1292.0,1.0,117000.0,2,8,5,99,5,60052.0,200.0
0,59001184,4,1304.0,3.0,35000.0,2,8,9,90,5,60047.0,1.0
0,59001195,4,1311.5,3.0,147000.0,2,8,5,98,4,72000.0,187.08286930000003
0,59001201,4,1320.5,1.0,122000.0,2,8,5,103,5,60046.0,1.0
0,59001213,4,1296.5,1.0,127000.0,2,8,5,112,5,60032.0,1.0
0,59001300,4,1241.0,3.0,52000.0,2,8,5,110,4,151011.0,1.0
0,59001304,4,1250.0,3.0,120000.0,2,8,5,91,5,,1.0
0,59001343,4,1272.5,3.0,170000.0,2,8,5,110,4,60019.0,1.0
0,59001353,4,1256.0,3.0,120000.0,2,8,5,105,5,72015.0,1.0
0,59001565,4,1302.5,3.0,143000.0,2,8,5,75,5,60014.0,1.0
1,59001607,4,1187.0,3.0,100000.0,2,8,5,102,3,60017.0,547.7225575
1,59001617,4,1304.0,3.0,35000.0,2,8,5,110,4,72000.0,200.0
0,59001626,4,1400.0,3.0,383000.0,1,8,5,100,5,60024.0,212.1320344
0,59001692,4,1257.5,1.0,110000.0,2,8,5,89,3,350063.0,189.7366596
0,59001818,4,1332.5,3.0,153000.0,2,8,5,112,4,72001.0,1.0
0,59001833,4,1250.0,3.0,95000.0,2,8,9,111,4,60047.0,1.0
0,59001863,4,1223.0,3.0,77000.0,2,8,9,111,5,,1.0
1,59001882,7,1355.0,3.0,94000.0,2,11,5,114,4,510044.0,216.3816074
0,59001893,4,1313.0,3.0,133000.0,2,8,5,80,5,60074.0,1.0
0,59001898,4,1179.5,3.0,56000.0,2,8,5,99,3,72000.0,234.520788
1,59001900,4,1256.0,3.0,180000.0,2,8,5,105,5,60018.0,1.0
1,59001917,4,1304.0,3.0,35000.0,2,8,9,85,5,60069.0,1.0
0,59001932,4,1238.0,3.0,104000.0,2,8,5,109,3,60047.0,173.20508080000002
0,59001951,4,1287.5,1.0,112000.0,2,8,5,90,3,330015.0,1.0
1,59001975,4,1179.5,3.0,49000.0,1,8,5,105,5,60032.0,173.20508080000002
0,59002005,4,1239.5,3.0,68000.0,2,8,5,84,5,60052.0,1.0
1,59002037,4,1292.0,1.0,115000.0,2,8,5,114,5,350060.0,192.3538406
0,59002046,4,1259.0,3.0,35000.0,2,8,5,90,5,60017.0,1.0
0,59002060,4,1280.0,3.0,96000.0,2,8,9,112,4,60062.0,1.0
0,59002062,4,1320.5,1.0,123000.0,2,8,5,105,3,332444.0,1.0
0,59002087,4,1287.5,3.0,127000.0,2,8,5,111,3,60059.0,200.0
1,59002105,4,1277.0,3.0,91000.0,2,8,5,114,4,72000.0,158.11388300000002
0,59002145,4,1358.0,3.0,162000.0,2,8,5,110,4,72001.0,1.0
0,59002170,4,1256.0,3.0,141000.0,2,8,5,84,3,,223.6067977
0,59002213,4,1305.5,1.0,123000.0,2,8,5,106,3,330008.0,1.0
0,59002231,4,1353.5,3.0,125000.0,2,8,9,107,5,60093.0,1.0
0,59002314,4,1317.5,3.0,293000.0,2,8,5,100,5,60018.0,1.0
0,59002318,4,1224.5,3.0,59000.0,2,8,5,80,3,60044.0,200.0
0,59002460,4,1328.0,3.0,123000.0,1,8,5,99,3,151009.0,173.20508080000002
1,59002472,7,1245.5,3.0,65000.0,1,11,5,109,5,151300.0,173.20508080000002
0,59002534,4,1242.5,3.0,70000.0,1,8,5,103,3,60040.0,181.6590212
0,59002542,5,1257.5,3.0,35000.0,2,15,5,100,5,60036.0,200.0
0,59002553,4,1298.0,3.0,101000.0,2,8,9,105,3,60052.0,212.1320344
1,59002628,4,1218.5,3.0,48000.0,2,8,5,90,5,72001.0,187.08286930000003
1,59002746,4,1239.5,3.0,90000.0,2,8,5,100,3,60019.0,173.20508080000002
0,59002775,4,1301.0,3.0,144000.0,2,8,9,113,4,,212.1320344
1,59002803,4,1295.0,1.0,35000.0,2,8,5,90,3,151300.0,1.0
0,59002836,7,1263.5,3.0,120000.0,2,11,9,86,5,151300.0,1.0
0,59002872,4,1307.0,1.0,133000.0,2,8,5,110,3,60043.0,1.0
0,59002940,4,1259.0,3.0,75000.0,2,8,5,89,5,151000.0,1.0
0,59002945,4,1260.5,3.0,74000.0,2,8,5,113,4,151300.0,1.0
0,59002949,4,1314.5,3.0,89000.0,2,8,5,111,4,151009.0,1.0
1,59003111,4,1223.0,3.0,73000.0,2,8,9,105,3,151300.0,1.0
0,59003122,4,1278.5,3.0,115000.0,2,8,5,99,3,72000.0,173.20508080000002
0,59003131,4,1322.0,3.0,35000.0,2,8,5,95,3,151300.0,173.20508080000002
0,59003155,4,1340.0,3.0,116000.0,2,8,9,104,5,72000.0,1.0
0,59003192,4,1329.5,1.0,181000.0,2,8,5,111,3,340017.0,223.6067977
0,59003223,4,1308.5,1.0,35000.0,2,8,5,103,5,151300.0,1.0
0,59003249,4,1269.5,3.0,113000.0,2,8,5,110,5,60091.0,212.1320344
1,59003268,4,1281.5,3.0,95000.0,1,8,5,93,5,60047.0,173.20508080000002
1,59003280,4,1241.0,3.0,68000.0,2,8,5,102,4,,173.20508080000002
1,59003325,4,1325.0,1.0,126000.0,2,8,9,106,5,71003.0,1.0
0,59003330,4,1260.5,3.0,110000.0,2,8,5,109,4,151300.0,1.0
1,59003507,4,1278.5,3.0,101000.0,2,8,5,112,4,72000.0,1.0
0,59003524,4,1322.0,1.0,87000.0,2,8,5,90,4,151300.0,1.0
0,59003649,4,1386.5,1.0,87000.0,2,8,5,105,4,60008.0,228.5432125
1,59003724,4,1332.5,1.0,106000.0,2,8,5,100,3,60033.0,1.0
0,59003773,4,1320.5,3.0,164000.0,1,8,5,105,5,151300.0,187.08286930000003
0,59003779,4,1227.5,3.0,62000.0,2,8,5,110,5,60069.0,1.0
0,59003842,4,1239.5,1.0,72000.0,1,8,5,89,5,,173.20508080000002
0,59003935,4,1308.5,1.0,125000.0,1,8,5,104,3,72000.0,181.6590212
0,59003949,4,1253.0,1.0,-468000.0,2,8,5,81,5,60016.0,204.9390153
0,59003950,4,1263.5,1.0,102000.0,2,8,9,103,3,60024.0,200.0
0,59003954,4,1322.0,1.0,104000.0,2,8,5,114,3,60019.0,212.1320344
0,59003975,4,1364.0,1.0,200000.0,2,8,5,90,3,60022.0,212.1320344
0,59004078,7,1257.5,1.0,84000.0,1,11,5,106,5,,173.20508080000002
0,59004100,4,1299.5,3.0,35000.0,2,8,5,111,3,60029.0,1.0
0,59004203,4,1250.0,3.0,103000.0,2,8,9,104,5,60071.0,207.3644135
0,59004230,4,1277.0,3.0,100000.0,2,8,5,100,5,60000.0,223.6067977
0,59004284,4,1316.0,1.0,143000.0,2,8,5,77,3,60061.0,1.0
0,59004290,4,1257.5,3.0,113000.0,2,8,5,100,5,60014.0,1.0
0,59004304,4,1227.5,1.0,150000.0,2,8,5,78,3,72000.0,1.0
0,59004328,4,1214.0,3.0,99000.0,2,8,5,84,3,60017.0,173.20508080000002
0,59004333,4,1299.5,1.0,157000.0,2,8,5,113,3,151300.0,158.11388300000002
0,59004349,7,1277.0,1.0,119000.0,1,11,5,105,3,72000.0,217.4741364
0,59004373,4,1287.5,1.0,139000.0,2,8,5,100,3,60030.0,244.94897430000003
0,59004489,4,1262.0,3.0,155000.0,2,8,5,110,4,72001.0,248.3022352
0,59004503,4,1305.5,1.0,129000.0,2,8,5,81,5,60014.0,1.0
0,59004521,4,1305.5,1.0,117000.0,2,8,5,112,5,60029.0,1.0
0,59004571,4,1241.0,1.0,115000.0,2,8,5,105,3,151300.0,221.3594362
0,59004587,4,1265.0,1.0,120000.0,2,8,5,105,3,71000.0,1.0
0,59004621,4,1287.5,3.0,110000.0,2,8,9,80,5,151300.0,1.0
0,59004654,4,1352.0,1.0,168000.0,2,8,5,105,3,60017.0,223.6067977
1,59004658,4,1257.5,3.0,105000.0,2,8,5,73,3,151009.0,1.0
0,59004662,4,1242.5,3.0,158000.0,2,8,5,113,4,72000.0,200.0
0,59004680,4,1370.0,1.0,273000.0,2,8,9,110,5,60015.0,1.0
0,59004688,4,1251.5,1.0,360000.0,2,8,9,110,4,151300.0,1.0
0,59004716,4,1268.0,1.0,104000.0,2,8,9,95,5,60027.0,1.0
0,59004828,4,1274.0,1.0,132000.0,2,8,5,107,3,60016.0,202.4845673
0,59004857,4,1223.0,3.0,56000.0,2,8,9,110,3,151009.0,1.0
1,59004885,4,1272.5,1.0,141000.0,2,8,5,110,3,,1.0
0,59004930,4,1212.5,3.0,73000.0,2,8,5,85,3,72001.0,1.0
0,59004946,4,1266.5,1.0,120000.0,1,8,5,109,4,60023.0,187.08286930000003
0,59004991,4,1232.0,1.0,68000.0,2,8,5,75,4,72001.0,1.0
0,59005128,4,1250.0,1.0,84000.0,1,8,5,100,3,60019.0,167.33200530000002
0,59005240,4,1253.0,1.0,97000.0,2,8,5,115,3,60034.0,1.0
0,59005266,4,1266.5,1.0,99000.0,2,8,5,86,3,72002.0,1.0
0,59005275,4,1298.0,1.0,165000.0,2,8,9,90,3,72000.0,234.4504212
0,59005413,4,1226.0,3.0,73000.0,1,8,5,104,5,60058.0,158.11388300000002
0,59005448,4,1232.0,3.0,100000.0,2,8,5,95,3,350012.0,200.0
0,59005490,4,1287.5,1.0,110000.0,2,8,5,89,5,72049.0,190.9345438
0,59005496,4,1298.0,1.0,35000.0,2,8,5,103,5,60028.0,200.0
1,59005571,4,1241.0,3.0,60000.0,2,8,5,107,3,151300.0,187.08286930000003
0,59005708,4,1356.5,1.0,148000.0,2,8,5,83,3,60001.0,1.0
0,59005838,4,1257.5,3.0,35000.0,2,8,3,112,4,72014.0,1.0
0,59005841,4,1308.5,1.0,123000.0,2,8,5,84,3,151300.0,173.20508080000002
0,59005843,4,1230.5,1.0,71000.0,2,8,5,100,5,72001.0,1.0
0,59005852,4,1338.5,1.0,112000.0,2,8,5,90,3,330008.0,1.0
0,59005860,4,1256.0,1.0,68000.0,2,8,5,105,3,350058.0,163.86885
0,59005871,4,1356.5,1.0,136000.0,2,8,5,74,3,72000.0,1.0
0,59005880,4,1241.0,1.0,86000.0,1,8,5,104,3,72000.0,187.08286930000003
0,59006193,7,1268.0,3.0,162000.0,2,11,5,113,4,450081.0,141.4213562
0,59006239,7,1322.0,3.0,68000.0,2,11,5,86,3,72015.0,1.0
